Fiscal_Year,Period_End,Total_Revenue_M,COGS_M,Gross_Profit_M,Gross_Margin_Pct,Operating_Income_M,Operating_Margin_Pct,Net_Income_M,Net_Margin_Pct,SGA_Expenses_M,SGA_Pct_Revenue
2015,31-May-2015,30601,16534,14067,45.97,4173,13.64,3273,10.7,8766,28.64
2016,31-May-2016,32376,17405,14971,46.24,4503,13.91,3760,11.61,9892,30.55
2017,31-May-2017,34350,19038,15312,44.58,4748,13.83,4240,12.34,10563,30.75
2018,31-May-2018,36397,20441,15956,43.84,4445,12.21,1933,5.31,10962,30.12
2019,31-May-2019,39117,21643,17474,44.67,4772,12.2,4029,10.3,11534,29.49
2020,31-May-2020,37403,21162,16241,43.42,3114,8.33,2539,6.79,11736,31.38
2021,31-May-2021,44538,24576,19962,44.82,6942,15.58,5727,12.86,13045,29.29
2022,31-May-2022,46710,25231,21479,45.98,6680,14.29,6046,12.94,14804,31.69
2023,31-May-2023,51217,28925,22292,43.52,5921,11.55,5070,9.9,16377,31.98
2024,31-May-2024,51362,28475,22887,44.56,6317,12.29,5700,11.1,16576,32.27
