Fiscal_Year,Total_Nike_Brand_Revenue_M,Nike_Direct_Revenue_M,Wholesale_Revenue_M,Digital_Revenue_M,Nike_Direct_Share_Pct,Wholesale_Share_Pct,CDO_Phase,Key_Event
2015,29500,8100,21400,1100,27.5,72.5,Pre-CDO,DTC growing organically
2016,32014,9000,23014,1400,28.1,71.9,Pre-CDO,CDO concept forming internally
2017,33990,11000,22990,2200,32.4,67.6,CDO Launch,Consumer Direct Offense announced June 2017
2018,35750,12400,23350,2700,34.7,65.3,CDO Acceleration,Major wholesale partner cuts begin
2019,38985,11800,27185,3000,30.3,69.7,CDO Acceleration,Partnership with Amazon; further retailer cuts
2020,37403,12400,25003,3500,33.2,66.8,CDO + COVID,COVID accelerates digital; stores closed
2021,44436,16400,28036,7400,36.9,63.1,CDA Launch,Consumer Direct Acceleration replaces CDO
2022,44436,18726,25608,8600,42.1,57.9,CDA Peak,50000+ wholesale accounts cut; inventory crisis begins
2023,48763,21308,27397,12400,43.7,56.2,Crisis,Inventory glut; heavy discounting; Hoka/On surging
2024,49322,21519,27758,12100,43.6,56.3,Reckoning,CEO Donahoe out; wholesale return strategy begins
