Fiscal_Year,Quarter,Period_End,Revenue_M,Gross_Profit_M,Gross_Margin_Pct,Operating_Income_M,Operating_Margin_Pct,Nike_Direct_Revenue_M,Wholesale_Revenue_M,Inventory_M
2019,Q1,31-Aug-2018,9949,4371,43.9,1207,12.1,3062,6887,5007
2019,Q2,30-Nov-2018,9374,4105,43.8,849,9.1,2900,6474,5622
2019,Q3,28-Feb-2019,9609,4339,45.2,1263,13.1,2840,6769,5254
2019,Q4,31-May-2019,10185,4633,45.5,1453,14.3,3098,7087,5622
2020,Q1,31-Aug-2019,10660,4544,42.6,1374,12.9,3271,7389,5879
2020,Q2,30-Nov-2019,10330,4847,46.9,1330,12.9,3163,7167,5724
2020,Q3,29-Feb-2020,10100,4473,44.3,1003,9.9,2960,7140,6498
2020,Q4,31-May-2020,6313,2353,37.3,-790,-12.5,3006,3307,7520
2021,Q1,31-Aug-2020,10590,4741,44.8,1503,14.2,3558,7032,7488
2021,Q2,30-Nov-2020,11240,4847,43.1,1503,13.4,3980,7260,6705
2021,Q3,28-Feb-2021,10357,4719,45.6,1449,14.0,3597,6760,6854
2021,Q4,31-May-2021,12344,5655,45.8,2487,20.1,5265,7079,6854
2022,Q1,31-Aug-2021,12248,5696,46.5,1988,16.2,4647,7601,6669
2022,Q2,30-Nov-2021,11356,5213,45.9,1667,14.7,4501,6855,6313
2022,Q3,28-Feb-2022,10870,5067,46.6,1297,11.9,4250,6620,7727
2022,Q4,31-May-2022,12234,5503,45.0,1728,14.1,5328,6906,9731
2023,Q1,31-Aug-2022,12687,5720,45.1,1477,11.6,5440,7247,9653
2023,Q2,30-Nov-2022,13315,5971,44.8,1687,12.7,5834,7481,9001
2023,Q3,28-Feb-2023,12393,5371,43.3,1346,10.9,5300,7093,8900
2023,Q4,31-May-2023,12822,5595,43.6,1411,11.0,5734,7088,8453
2024,Q1,31-Aug-2023,12940,5720,44.2,1351,10.4,5615,7325,8700
2024,Q2,30-Nov-2023,13388,5971,44.6,1758,13.1,5979,7409,8000
2024,Q3,29-Feb-2024,12429,5562,44.7,1323,10.6,5558,6871,7745
2024,Q4,31-May-2024,12614,5634,44.7,1885,14.9,6367,6153,7519
