Fiscal_Year,Nike_Direct_Revenue_M,Wholesale_Revenue_M,dtc_share_pct,wholesale_share_pct,dtc_growth_pct,wholesale_growth_pct
2015,8100.00,21400.00,27.46,72.54,NULL,NULL
2016,9000.00,23014.00,28.11,71.89,11.11,7.54
2017,11000.00,22990.00,32.36,67.64,22.22,-0.10
2018,12400.00,23350.00,34.69,65.31,12.73,1.57
2019,11800.00,27185.00,30.27,69.73,-4.84,16.42
2020,12400.00,25003.00,33.15,66.85,5.08,-8.03
2021,16400.00,28036.00,36.91,63.09,32.26,12.13
2022,18726.00,25608.00,42.14,57.63,14.18,-8.66
2023,21308.00,27397.00,43.70,56.18,13.79,6.99
2024,21519.00,27758.00,43.63,56.28,0.99,1.32
